Beta,Scale,ResidencyRate,UniqueSinks
1+0i,0.001,3.00,688
1+0i,0.0001,91.80,688
1+0i,0.00001,100.00,688
2+0i,0.001,9.00,731
2+0i,0.0001,87.10,731
2+0i,0.00001,100.00,731
1+1i,0.001,3.70,938
1+1i,0.0001,88.30,938
1+1i,0.00001,100.00,938
